{
    "hope_max.report": {
        "lfct_mean": 0.11745650000000001, 
        "lfct_perc95": 0.17525600000000002, 
        "lfct_perc99": 0.18804199999999999, 
        "lfct_std": 0.034297499999999995, 
        "mfct_mean": 0.048766000000000004, 
        "mfct_perc95": 0.0683145, 
        "mfct_perc99": 0.0775975, 
        "mfct_std": 0.011172, 
        "rtt_mean": 2733.8102245, 
        "rtt_perc95": 4627.5, 
        "rtt_perc99": 5600.0, 
        "rtt_std": 1242.972761, 
        "sfct_mean": 0.0079509999999999997, 
        "sfct_perc95": 0.0112315, 
        "sfct_perc99": 0.016881500000000001, 
        "sfct_std": 0.0022145000000000003, 
        "thp_mean": 19312.843209499999, 
        "thp_median": 20487.631131000002, 
        "thp_std": 8187.9138224999997
    }, 
    "timely.report": {
        "lfct_mean": 0.13678200000000001, 
        "lfct_perc95": 0.21390799999999999, 
        "lfct_perc99": 0.23109950000000001, 
        "lfct_std": 0.043806999999999999, 
        "mfct_mean": 0.054988499999999996, 
        "mfct_perc95": 0.088668999999999998, 
        "mfct_perc99": 0.111377, 
        "mfct_std": 0.017115999999999999, 
        "rtt_mean": 3369.6085949999997, 
        "rtt_perc95": 5161.0, 
        "rtt_perc99": 5902.4750000000004, 
        "rtt_std": 1273.8625394999999, 
        "sfct_mean": 0.0079640000000000006, 
        "sfct_perc95": 0.010544000000000001, 
        "sfct_perc99": 0.0113665, 
        "sfct_std": 0.0015934999999999999, 
        "thp_mean": 21543.877192, 
        "thp_median": 23441.6783215, 
        "thp_std": 9030.7623859999985
    }
}