{
    "hope_max.report": {
        "lfct_mean": 0.11549319199999993, 
        "lfct_perc95": 0.17134475999999998, 
        "lfct_perc99": 0.18633084999999999, 
        "lfct_std": 0.032301121999999995, 
        "mfct_mean": 0.048971626000000018, 
        "mfct_perc95": 0.067910131999999943, 
        "mfct_perc99": 0.084545177999999901, 
        "mfct_std": 0.012677280000000004, 
        "rtt_mean": 3200.5126163980049, 
        "rtt_perc95": 5333.5340999999999, 
        "rtt_perc99": 6176.1697400000012, 
        "rtt_std": 1449.2032171920007, 
        "sfct_mean": 0.0081351780000000016, 
        "sfct_perc95": 0.010882107999999998, 
        "sfct_perc99": 0.014417043999999992, 
        "sfct_std": 0.0037209299999999956, 
        "thp_mean": 22305.098451328002, 
        "thp_median": 24081.011294111973, 
        "thp_std": 9919.9365674260007
    }, 
    "timely.report": {
        "lfct_mean": 0.12834771199999997, 
        "lfct_perc95": 0.20263622400000034, 
        "lfct_perc99": 0.22117757400000027, 
        "lfct_std": 0.042058225999999997, 
        "mfct_mean": 0.052680412000000051, 
        "mfct_perc95": 0.081233173999999977, 
        "mfct_perc99": 0.099029360000000011, 
        "mfct_std": 0.016014787999999999, 
        "rtt_mean": 3268.6842839160013, 
        "rtt_perc95": 5385.2870999999996, 
        "rtt_perc99": 6175.4884999999995, 
        "rtt_std": 1435.5863615200005, 
        "sfct_mean": 0.0080945519999999979, 
        "sfct_perc95": 0.010828856000000001, 
        "sfct_perc99": 0.013207602000000006, 
        "sfct_std": 0.0029635299999999989, 
        "thp_mean": 22554.677028429996, 
        "thp_median": 24526.725892925984, 
        "thp_std": 10058.620766077995
    }
}