{
    "hope_max.report": {
        "lfct_mean": 0.11765300000000001, 
        "lfct_perc95": 0.17199059999999999, 
        "lfct_perc99": 0.18346180000000001, 
        "lfct_std": 0.032492599999999996, 
        "mfct_mean": 0.048595999999999993, 
        "mfct_perc95": 0.067158999999999996, 
        "mfct_perc99": 0.075327199999999997, 
        "mfct_std": 0.010369599999999998, 
        "rtt_mean": 3077.8894534000001, 
        "rtt_perc95": 5021.6000000000004, 
        "rtt_perc99": 5879.0, 
        "rtt_std": 1312.4486908000001, 
        "sfct_mean": 0.0079251999999999986, 
        "sfct_perc95": 0.010988000000000001, 
        "sfct_perc99": 0.013800999999999999, 
        "sfct_std": 0.0018908000000000002, 
        "thp_mean": 19508.585694400001, 
        "thp_median": 20823.687817000002, 
        "thp_std": 8190.7365036000001
    }, 
    "timely.report": {
        "lfct_mean": 0.1304274, 
        "lfct_perc95": 0.20846439999999999, 
        "lfct_perc99": 0.22388479999999999, 
        "lfct_std": 0.043611200000000003, 
        "mfct_mean": 0.053048200000000004, 
        "mfct_perc95": 0.083012800000000012, 
        "mfct_perc99": 0.100701, 
        "mfct_std": 0.015527400000000002, 
        "rtt_mean": 3118.5845890000005, 
        "rtt_perc95": 5168.6000000000004, 
        "rtt_perc99": 6077.5340000000006, 
        "rtt_std": 1391.397277, 
        "sfct_mean": 0.0079463999999999993, 
        "sfct_perc95": 0.0107698, 
        "sfct_perc99": 0.0121814, 
        "sfct_std": 0.001735, 
        "thp_mean": 22082.9594526, 
        "thp_median": 23370.501498400001, 
        "thp_std": 10137.2531062
    }
}