{
    "hope_max.report": {
        "lfct_mean": 0.11594254399999999, 
        "lfct_perc95": 0.17281231600000008, 
        "lfct_perc99": 0.1876671079999998, 
        "lfct_std": 0.032626172000000023, 
        "mfct_mean": 0.049000283999999998, 
        "mfct_perc95": 0.067963355999999989, 
        "mfct_perc99": 0.083784864000000028, 
        "mfct_std": 0.012660124000000014, 
        "rtt_mean": 3200.573963544, 
        "rtt_perc95": 5314.7200000000003, 
        "rtt_perc99": 6148.3526799999981, 
        "rtt_std": 1437.2964067639994, 
        "sfct_mean": 0.0081368680000000002, 
        "sfct_perc95": 0.010872955999999996, 
        "sfct_perc99": 0.014205351999999997, 
        "sfct_std": 0.0037064439999999984, 
        "thp_mean": 22483.706012816005, 
        "thp_median": 24313.197452680008, 
        "thp_std": 9963.7189781519974
    }, 
    "timely.report": {
        "lfct_mean": 0.12825827200000001, 
        "lfct_perc95": 0.20179256400000004, 
        "lfct_perc99": 0.22033460400000002, 
        "lfct_std": 0.042061263999999973, 
        "mfct_mean": 0.052712668000000004, 
        "mfct_perc95": 0.08089102399999995, 
        "mfct_perc99": 0.099684163999999978, 
        "mfct_std": 0.016216804000000005, 
        "rtt_mean": 3243.5372304159991, 
        "rtt_perc95": 5371.6660000000002, 
        "rtt_perc99": 6187.6792399999995, 
        "rtt_std": 1436.480290459999, 
        "sfct_mean": 0.008108576000000001, 
        "sfct_perc95": 0.010834823999999998, 
        "sfct_perc99": 0.013872760000000007, 
        "sfct_std": 0.003024388000000002, 
        "thp_mean": 22310.910877020011, 
        "thp_median": 24243.107199376009, 
        "thp_std": 9925.5689608959965
    }
}